t,fill,phase,err,dacScalarHAL,lsScalarHAL,lsScalarSet,overruns,underruns,aCycles,bCycles,rate
2.77,1536,10504.73,0.000,0.999966823,0.999966823,0.999966823,0,0,112,44,44100
3.27,1536,10504.38,-0.353,0.999960081,0.999964507,0.999964507,0,0,156,88,44100
3.78,1536,10507.11,2.378,1.000011634,0.999981710,0.999981710,0,0,200,132,44100
4.30,1536,10507.59,2.860,1.000001409,0.999987293,0.999987293,0,0,244,176,44100
4.80,1536,10506.45,1.719,0.999978615,0.999982797,0.999982797,0,0,287,219,44100
5.30,2047,10507.52,2.787,0.999994169,0.999989947,0.999989947,0,0,330,262,44100
12.27,1536,532469.51,0.000,1.001148500,1.001148500,1.001148500,0,0,1491,285,88200
12.78,2048,532410.43,-59.076,1.000143375,1.000910535,1.000910535,0,0,1579,372,88200
13.29,2048,532350.45,-119.053,1.000049385,1.000667802,1.000667802,0,0,1667,460,88200
13.79,1536,532308.55,-160.954,0.999999686,1.000553027,1.000553027,0,0,1753,547,88200
14.30,1536,532284.37,-185.140,1.000020073,1.000469731,1.000469731,0,0,1840,634,88200
14.81,1536,532259.99,-209.515,1.000011708,1.000393929,1.000393929,0,0,1928,722,88200
15.31,1536,532239.26,-230.249,0.999990002,1.000323536,1.000323536,0,0,2014,808,88200
15.81,1536,532224.26,-245.242,1.000004068,1.000261589,1.000261589,0,0,2101,895,88200
16.33,1536,532211.95,-257.554,1.000002375,1.000205668,1.000205668,0,0,2189,983,88200
16.83,2048,532202.74,-266.763,1.000001004,1.000155201,1.000155201,0,0,2277,1070,88200
17.34,2048,532196.97,-272.534,1.000004443,1.000110125,1.000110125,0,0,2365,1158,88200
17.85,2048,532186.66,-282.848,0.999992721,1.000068385,1.000068385,0,0,2453,1246,88200
18.36,2048,532186.53,-282.973,0.999999999,1.000031547,1.000031547,0,0,2540,1333,88200
18.87,1536,532184.23,-285.275,0.999993169,0.999997709,0.999997709,0,0,2627,1421,88200
19.37,2048,532187.09,-282.417,1.000001724,0.999968110,0.999968110,0,0,2714,1507,88200
19.88,1536,532185.09,-284.415,0.999995978,0.999940897,0.999940897,0,0,2801,1595,88200
20.38,1536,532186.93,-282.579,0.999990820,0.999915890,0.999915890,0,0,2888,1682,88200
20.89,1536,532189.78,-279.724,0.999999383,0.999894239,0.999894239,0,0,2975,1769,88200
21.39,7479,532194.85,-274.652,0.999992537,0.999874069,0.999874069,0,0,3062,1856,88200
27.53,2048,431825.34,0.000,0.999987182,0.999987182,0.999987182,0,0,4177,2022,96000
28.04,1536,431828.42,3.084,0.999987546,0.999993805,0.999993805,0,0,4272,2118,96000
28.54,2048,431827.40,2.064,0.999987684,0.999991834,0.999991834,0,0,4367,2212,96000
29.05,2048,431826.54,1.201,0.999987749,0.999990147,0.999990147,0,0,4462,2307,96000
29.56,2048,431825.93,0.590,0.999987755,0.999988949,0.999988949,0,0,4558,2403,96000
30.06,2048,431825.48,0.143,0.999987581,0.999988047,0.999988047,0,0,4652,2497,96000
30.57,2048,431826.61,1.269,0.999996963,0.999991417,0.999991417,0,0,4748,2593,96000
31.08,2048,431826.27,0.935,0.999995213,0.999991458,0.999991458,0,0,4842,2687,96000
31.58,2048,431825.91,0.568,0.999993796,0.999991198,0.999991198,0,0,4936,2781,96000
32.08,2048,431826.76,1.423,0.999996815,0.999993786,0.999993786,0,0,5031,2876,96000
32.59,2048,431826.38,1.038,0.999995032,0.999993518,0.999993518,0,0,5125,2970,96000
33.10,2048,431825.98,0.639,0.999993647,0.999993012,0.999993012,0,0,5221,3066,96000
33.60,1536,431825.63,0.287,0.999992526,0.999992447,0.999992447,0,0,5315,3161,96000
34.10,2048,431827.67,2.334,0.999999951,0.999997712,0.999997712,0,0,5409,3254,96000
34.61,2048,431827.18,1.840,0.999997632,0.999997338,0.999997338,0,0,5504,3349,96000
35.11,2048,431826.59,1.251,0.999995754,0.999996493,0.999996493,0,0,5598,3443,96000
35.62,2048,431826.06,0.725,0.999994232,0.999995565,0.999995565,0,0,5694,3539,96000
36.12,2048,431825.60,0.260,0.999993000,0.999994606,0.999994606,0,0,5788,3633,96000
36.63,16960,431825.21,-0.131,0.999992001,0.999993681,0.999993681,0,0,5883,3728,96000
37.13,65600,431824.88,-0.457,0.999991223,0.999992806,0.999992806,0,0,5978,3823,96000
37.63,113728,431825.79,0.450,0.999994729,0.999994916,0.999994916,0,0,6072,3917,96000
38.14,162368,431825.42,0.080,0.999993402,0.999994194,0.999994194,0,0,6167,4012,96000
40.41,2048,213768.79,0.000,0.999992125,0.999992125,0.999992125,0,0,6875,4113,192000
40.91,2048,213767.94,-0.852,0.999987266,0.999990729,0.999990729,0,0,7062,4300,192000
41.42,2048,213767.63,-1.156,0.999987566,0.999989976,0.999989976,0,0,7253,4491,192000
41.93,2048,213767.44,-1.347,0.999987733,0.999989391,0.999989391,0,0,7444,4682,192000
42.43,2048,213767.31,-1.483,0.999987777,0.999988901,0.999988901,0,0,7632,4870,192000
42.94,2048,213767.20,-1.586,0.999987802,0.999988475,0.999988475,0,0,7822,5060,192000
43.45,2048,213767.21,-1.578,0.999988066,0.999988219,0.999988219,0,0,8012,5250,192000
43.96,2048,213767.17,-1.618,0.999987990,0.999987928,0.999987928,0,0,8204,5442,192000
44.46,2048,213767.16,-1.634,0.999987960,0.999987678,0.999987678,0,0,8392,5630,192000
44.96,2048,213767.17,-1.619,0.999987936,0.999987477,0.999987477,0,0,8581,5819,192000
45.47,2048,213767.20,-1.585,0.999987917,0.999987313,0.999987313,0,0,8770,6008,192000
45.97,2048,213767.35,-1.441,0.999988036,0.999987295,0.999987295,0,0,8961,6199,192000
46.48,2048,213767.40,-1.385,0.999988012,0.999987198,0.999987198,0,0,9149,6387,192000
46.99,2048,213767.46,-1.329,0.999987978,0.999987110,0.999987110,0,0,9340,6578,192000
47.50,2048,213767.55,-1.243,0.999987967,0.999987067,0.999987067,0,0,9531,6769,192000
48.00,2048,213767.69,-1.099,0.999988092,0.999987109,0.999987109,0,0,9722,6960,192000
48.51,2048,213767.76,-1.025,0.999988043,0.999987084,0.999987084,0,0,9910,7148,192000
